id,content
1,"Python is a high-level, interpreted programming language known for its simplicity and readability. Created by Guido van Rossum and first released in 1991, Python emphasizes code readability with its notable use of significant indentation. It supports multiple programming paradigms including structured, object-oriented, and functional programming."
2,"Machine learning is a subset of artificial intelligence that focuses on the development of algorithms and statistical models that enable computer systems to improve their performance on a specific task through experience. Common applications include image recognition, natural language processing, and recommendation systems."
3,"PostgreSQL is a powerful, open-source relational database management system that emphasizes extensibility and SQL compliance. It supports advanced data types and performance optimization features, making it suitable for a wide range of applications from small single-machine applications to large Internet-facing applications."
4,"Vector databases are specialized database systems designed to store and query high-dimensional vector embeddings. They are essential for applications like semantic search, recommendation systems, and RAG (Retrieval Augmented Generation) systems where similarity search is required."
5,"FastAPI is a modern, fast web framework for building APIs with Python 3.7+ based on standard Python type hints. It provides automatic API documentation, data validation using Pydantic, and high performance comparable to NodeJS and Go frameworks."
6,"Retrieval Augmented Generation (RAG) is a technique that combines information retrieval with text generation. It retrieves relevant documents from a knowledge base and uses them to provide context for generating more accurate and informative responses."
7,"Docker is a platform that enables developers to package applications and their dependencies into containers. Containers provide a consistent environment for applications to run, making it easier to develop, ship, and deploy applications across different systems."
8,"Natural Language Processing (NLP) is a field of artificial intelligence that focuses on the interaction between computers and human language. It involves tasks such as text classification, sentiment analysis, named entity recognition, and machine translation."
9,"Embeddings are dense vector representations of data that capture semantic meaning. In NLP, word embeddings map words to continuous vector spaces where semantically similar words are located close to each other, enabling machines to understand relationships between words."
10,"API (Application Programming Interface) is a set of rules and protocols that allows different software applications to communicate with each other. RESTful APIs use HTTP methods like GET, POST, PUT, and DELETE to perform operations on resources."
